tweet_id,author_id,created_at,text,like_count,retweet_count,reply_count,quote_count
1988606255032906207,1288525562252681217,2025-11-12 13:54:12+00:00,"@Humanismo4T Para ensuciar la memoria a Carlos Manzo hace falta mucho porque mucho hizo. Buscan como desprestigiarlo pero no encuentran nada, en cambio ustedes tienen tanto que no hace falta buscar. Verg√ºenza te deber√≠a de dar difamar a un hombre bueno que vivo no ser√≠as capaz de enfrentar. https://t.co/szjtJwljgI",0,0,0,0
1988606131976200576,1469487916606971914,2025-11-12 13:53:43+00:00,"‚ÄúCuando el poder culpa al asesinado, ya no gobierna: se justifica. La Cuatrot√© y el arte de culpar al cad√°ver, eso lo domina bien‚Äù. @maloguzmanvero  En Morena no tienen ni un √°pice de decencia. Ruindad. Lean üëáüèª https://t.co/mIu62bIktt",0,0,0,0
1988605994897985554,1818615526588825600,2025-11-12 13:53:10+00:00,"¬øLa narco presirvienta Claudia  tiene miedo a su pueblo? Carlos manzo vive y vivir√° siempre en todas las personas que luchamos por un pa√≠s justo, seguro y de oportunidades. #15N #15novembre #josejeri #carlosmanzo #PorEstosNo2026 https://t.co/5Sxf189LwK",0,0,0,0
1988605989407564092,733771895443738625,2025-11-12 13:53:09+00:00,"@cesargutipri Ahora resulta que Carlos Manzo se  quiso morir c√≠nicos asesinos @SEDENA_MEX  y la @GN_MEXICO_  dejaron que mataran al presidente municipal , paso a un lado de ellos el asesino",0,0,0,0
1988605694782915003,1611934674699358208,2025-11-12 13:51:58+00:00,"@Zoroastro_2021 Y dicen que la oposici√≥n es la carro√±era. Mu√©strenle el v√≠deo con su argumento absurdo a los uruapenses; dejen de victimizar al r√©gimen y vayan en Uruapan a ridiculizar a Manzo. La presidencia no es la v√≠ctima, imc√©biles, fue Carlos Manzo, un morenista traicionado. https://t.co/uaZbTUC6nF",0,0,0,0
1988605567380967708,266063083,2025-11-12 13:51:28+00:00,"¬øPor qu√© esto no es un esc√°ndalo?  Indignantes las palabras del General Trevilla que pr√°cticamente dice que el asesinato de Carlos Manzo fue culpa del propio Carlos.  Una verdadera verg√ºenza la arrogancia del poder, del poder corrupto, del poder fallido... General de atole. https://t.co/LztS1b2Gc7",0,0,0,0
1988605521700729319,1972824568831397888,2025-11-12 13:51:17+00:00,FGE realiza diligencias en el lugar donde fue ultimado el alcalde Carlos Manzo via @Davideneldia https://t.co/2YKAHQwX3G https://t.co/mFMoNt3glh,0,0,0,0
1988605451282616407,1552704381270769667,2025-11-12 13:51:00+00:00,"¬øPor qu√© el Estado 4T elimin√≥ al joven   gatillero que mat√≥ a Carlos Manzo aj√°?. Hecho que mantiene en ""secreto"" mientras la SEDENA niega, que los militares escoltas. ¬°Sean c√≥mplices recontraaj√°!. https://t.co/2Z439yyOxW",0,0,0,0
1988605400049193293,902356825,2025-11-12 13:50:48+00:00,"@J4feT_25 La presidente tuvo que crear un ‚ÄúPlan Michoac√°n‚Äù y mandar miles de militares y prometer miles de millones de pesos despu√©s del asesinato de Carlos Manzo, por qu√© se le ca√≠a Michoac√°n, no act√∫en como si no fuera importante.",0,0,0,0
1988605119311798496,720883324479086594,2025-11-12 13:49:41+00:00,"¬°Carlos Manzo, vive! , la lucha sigue, por m√°s que la prensa,""empresarios"" y el desgobierno de cuarta quieran desvirtuar su legado. Uruapan, √∫ltimo d√≠a de su novenario.... https://t.co/Tu0EqmrEyR",0,0,0,0
1988605108268270007,1959958590774497281,2025-11-12 13:49:38+00:00,@carcano_jaime Si tienes pruebas contundentes denuncialos para que los encierren seg√∫n tu ya resolviste la muerte de Carlos Manzo   denuncialo ono hables alo pendejo  miserable cha√≠ro de mierda,0,0,0,0
1988605053738082626,1354302406696333312,2025-11-12 13:49:25+00:00,"@PoncePichardo No, no que f√°cil no es asumir la responsabilidad y echarle la culpa, morena, el prian y la hipocres√≠a pol√≠tica mat√≥ a Carlos Manzo!",0,0,0,0
1988604978513248756,93922911,2025-11-12 13:49:08+00:00,"üî¥#ENVIVO | Platico con Juan Manzo, hermano de Carlos Manzo y subsecretario de Gobierno de Michoac√°n.  #AzucenaxF√≥rmula v√≠a @Radio_Formula üìªüëá   https://t.co/74YAlYIH7Y",4,2,2,0
1988604958934278571,215752521,2025-11-12 13:49:03+00:00,"@NachoRgz Mira que tan miserable y naco tiene que se Nacho, que ahora hace insinuaciones por el hecho de que Carlos Manzo se reuni√≥ con Alazraky.   Sus estupideces no tienen l√≠mite.",0,0,0,0
1988604908044775919,1631139376599035905,2025-11-12 13:48:51+00:00,@pincelrebelde Carlos manzo tambi√©n era la puta ratota,0,0,0,0
1988604877703131299,1223638720336797696,2025-11-12 13:48:43+00:00,@Melissa_Bely Su acoso solo fue un teatro para distraer la tragedia de Carlos Manzo.  As√≠ distraen las cosas. Porque no atiende a las mujeres que sufren violencia y abuso.,0,0,0,0
1988604873722782181,112504633,2025-11-12 13:48:43+00:00,@marathb Al grado de que el asesino de Carlos Manzo ten√≠a 17 a√±os. Se ve que atendieron bien sus causas. ¬°Tarado!,0,0,0,0
1988604538543378592,1954201796668243968,2025-11-12 13:47:23+00:00,"@Morena_Durango_ Los que inventan cosas son ustedes, ella es una narcoterrorista , comunista y mando matar a Carlos Manzo",0,0,0,0
1988604382599123345,1199417861925675008,2025-11-12 13:46:45+00:00,@Humanismo4T La guardia nacional y el. cr√≠men organizado son los mismos por eso el Sr Carlos Manzo los mando a la chingada.,0,0,0,0
1988604313212776687,2725950983,2025-11-12 13:46:29+00:00,@mario_dico50 Chueco asesino de Carlos Manzo !,0,0,0,0
1988604287124189555,135949549,2025-11-12 13:46:23+00:00,@MexAlertRVF @SocCivilMx @Claudiashein jajajaja jajaja jajajaja precisamente uno de esa generaci√≥n Z fue el que mat√≥ a Carlos manZo  pinches ninis son muy manipulables  mentes d√©biles de eso se vale la oposici√≥n,0,0,0,0
1988604215401541803,869361174084825092,2025-11-12 13:46:06+00:00,"@PRI_Nacional Las ratasüêÄ asesinas‚ò† y represorasüßü del PRIAN andan hambrientas de dinero y de sangre, quieren volver a ba√±ar a Mexico de sangre y balaceras por todo MX como en lo tiempos de Calderon y Pe√±a. Mataron a Colosio y ahora todo indica que mandaron matar a Carlos Manzo #FueelPRIAN https://t.co/Cnb5dDt5Wn",1,1,0,0
1988604209097535764,1531672237987733505,2025-11-12 13:46:04+00:00,@JJDiazMachuca Vendi√≥  su alma  al diablo  Carlos  Manzo  era del prian   y le escogieron  para sacrificarlo https://t.co/92CNiSrcIT,0,0,0,0
1988604207084265631,21611806,2025-11-12 13:46:04+00:00,"Declaraci√≥n que pasar√° a la historia de M√©xico: ‚Äúno fall√≥ el protocolo de seguridad‚Äù del alcalde de Uruapan, Carlos Manzo, dijo el secretario de la Defensa. ¬øEntonces por qu√© lo mataron? #Michoac√°n #SeguridadCiudadana #4T ||   https://t.co/LzoltytoDQ",0,0,0,0
1988604176960466960,41925129,2025-11-12 13:45:56+00:00,"Pese a que polic√≠a confes√≥ haber disparado a homicida de Alcalde Carlos Manzo cuando ya se encontraba sometido, no ha sido detenido. #Ent√©rate https://t.co/ES0SEdM5fV",0,0,0,0
1988604155112608221,1977684210836963328,2025-11-12 13:45:51+00:00,"Para M√©xico: ¬°Que vivan los protocolos que se siguen al pie de la letra y no funcionan! ¬°Que viva el secretario de la Defensa Nacional, Ricardo Trevilla, y el protocolo para proteger a Carlos Manzo! ¬°Que viva la burocracia!",0,0,0,0
1988604119322599575,2372900678,2025-11-12 13:45:43+00:00,@carolina_rocha_ Jajaja ü§£ jajaja  El protocolo de seguridad no fall√≥.....??? Pero si mataron al alcalde....!! Asesinaron a Carlos Manzo!! Y dice qu√© no fall√≥ .... Definitivamente es el CINISMO a su m√°xima expresi√≥n,0,0,0,0
1988603976221339676,59177051,2025-11-12 13:45:09+00:00,"üî∞#BajoReserva La revelaci√≥n de que un escolta del alcalde asesinado Carlos Manzo mat√≥ al sicario que dispar√≥ en contra del edil de Uruapan cuando ya estaba sometido, nos hacen notar, que los autores intelectuales cortaron uno de los cabos https://t.co/Bxjb38eY1k",0,1,0,0
1988603967581081836,1619507898652008448,2025-11-12 13:45:07+00:00,@marcelcarrillog Uyyy ah√≠ si acci√≥n inmediata! Pero para el caso de Carlos Manzo ni han levantado un me√±ique,0,0,0,0
1988603823544529098,48427852,2025-11-12 13:44:32+00:00,Maestra @warkentin no le parece absurdo la simpleza con la que la oposici√≥n quiere tomar la muerte de Carlos Manzo como estandarte? ¬øla oposici√≥n cree que con eso les va a alcanzar?,1,0,0,0
1988603762810998928,142110743,2025-11-12 13:44:18+00:00,"‚ÄúHablar mal de Carlos Manzo es dispararse en el pie y cuando el poder culpa al asesinado, ya no gobierna: se justifica.‚Äù üëáüèªüëáüèªüëáüèª https://t.co/5dvTKm16w3",2,0,0,0
1988603531285405939,309244806,2025-11-12 13:43:22+00:00,"COMO lo hicieron en mayo pasado, LOS MAESTROS DE LA COORDINADORA PLANEAN ACAMPAR DESDE HOY EN EL Z√ìCALO, JUSTO ANTES DE LA OTRA MOVILIZACI√ìN ‚Ä¶que protestar√°n contra la inseguridad y la violencia, a ra√≠z del asesinato del alcalde CARLOS MANZO. UTILIZA GRUPOS RADICALES para",0,0,0,0
1988603527661527547,960098703469170688,2025-11-12 13:43:22+00:00,"Cay√≥ de mi gracia el tal Diego Ruzzarini, Brasile√±o radicado en M√©xico que dice con lenguaje t√©cnico social lo que opina y en este caso degradando junto a su ‚Äúamigo‚Äù, la imagen y memoria de Carlos Manzo y restando importancia a la movilizaci√≥n del 15 N.   Deleznable. https://t.co/9f3QDxpc2c",0,0,0,0
1988603517389668504,988880465779216385,2025-11-12 13:43:19+00:00,Cu√°nto dinero le untaba Carlos Manzo y su vieja al jud√≠o @carlosalazraki  ?,0,0,0,0
1988603492832100627,135949549,2025-11-12 13:43:13+00:00,@EveretMark @SocCivilMx jajajaja jajaja jajajaja la generaci√≥n Z precisamente fue uno de generaci√≥n Z el que mat√≥ a Carlos manZo https://t.co/hbFyedxkxF,0,0,0,0
1988603480089755759,1479872983908954116,2025-11-12 13:43:10+00:00,Cuantas cuentas de chairos atacando  la muerte de Carlos Manzo  Nos vemos el 15 https://t.co/4PDXzoer7b,0,0,0,0
1988603436930339022,2390465190,2025-11-12 13:43:00+00:00,@ARBedolla Y tambi√©n hace historia con la muerte de CARLOS MANZO,0,0,0,0
1988603200287744114,1808858003195768835,2025-11-12 13:42:04+00:00,@ChuchoOchoaMx ü§£ü§£ü§£ü§£ hdp. Que era m√°s f√°cil? Darle el apoyo a Carlos Manzo que adem√°s les beneficiaba al gobierno para quedar bien con el pueblo de Uruapan o poner todo ese tendedero de chatarra?,0,0,0,0
1988603160345321789,1495178788027572228,2025-11-12 13:41:54+00:00,Po esto ser√° ? Fuertes declaraciones de Carlos Manzo en Uruapan Michoac√°n  @azucenau @AztecaNoticias @Radio_Formula @CNNEE @FoxNews @adnnoticiasmx @nytimes @WSJ @SecRubio @JJDiazMachuca @reformanacional @PressSec @El_Universal_Mx @MXvsCORRUPCION   https://t.co/oeHSFVph5o https://t.co/wkTQAav0ha,1,0,0,0
1988603139432538539,1298803882454286336,2025-11-12 13:41:49+00:00,"@GuacamayanLeaks @Claudiashein Solo por los porros reventadores del PRIAN, claro que cualquiera debe tener miedo son violentos son delincuentes, mandan a eliminar gente como Carlos Manzo. Nuestra presidenta debe cuidarse mucho!!",0,0,0,0
1988602822276120929,3494743584,2025-11-12 13:40:33+00:00,"A nueve d√≠as del crimen de Carlos Manzo, diputada acusa que ‚Äútoc√≥ intereses de pol√≠ticos y criminales‚Äù https://t.co/kGBunSaFGo",0,2,0,0
1988602699722670336,1778982700545703936,2025-11-12 13:40:04+00:00,@carcano_jaime ¬øQu√© gobernador y partido tienen el poder para pactar con el CO en Michoac√°n? ¬øQui√©nes iban perder la gubernatura de Michoac√°n ante Carlos Manzo?,0,0,0,0
1988602681032896740,119051398,2025-11-12 13:40:00+00:00,"üó£Ô∏è‚ÄúNos duelen homicidios que hay como el de Carlos Manzo‚Äù, pero la estrategia de seguridad ‚Äúest√° dando resultados‚Äù, asegur√≥ la presidenta Claudia Sheinbaum  https://t.co/akkMXfiQ6e https://t.co/Nau6AiPpmD",3,0,1,1
1988602678168199653,1621532639889858562,2025-11-12 13:39:59+00:00,"@guzman_tre @MLopezSanMartin Pues como lo dijo el protocolo no fallo, fue un √©xito el asesinato de Carlos Manzo por parte del narcogobierno",0,0,0,0
1988602605761868099,1470940169658380289,2025-11-12 13:39:42+00:00,#PorSiNoLoViste üò± @AristeguiOnline responde con firmeza a la se√±ora frente a su posici√≥n victimizante de acusar a la derecha y a los comunicadores de aprovecharse del magnicidio de Carlos Manzo.üëáüèª https://t.co/p7bGELH4Ru,1,0,0,0
1988602409229394390,1145796962622459904,2025-11-12 13:38:55+00:00,Totalmente entendible la indignaci√≥n y el dolor que vivimos lxs mexicanos con el asesinato de Carlos Manzo y la crisis de violencia y desapariciones. Pero que venga el PRIAN a decirnos que est√°n ‚Äúindignados‚Äù cuando ellos son responsables del inicio del crimen organizado. ¬ø?,0,0,0,0
1988602402271039666,707031640883785729,2025-11-12 13:38:53+00:00,@MLopezSanMartin Solo por precauci√≥n‚Ä¶ Si fueron capaces de eliminar al se√±or del sombrero Carlos Manzo.. La oposici√≥n son capaces de todo con tal de recuperar el poder.üêÄüí© https://t.co/iuqEBawTFr,0,0,0,0
1988602344842703326,155405490,2025-11-12 13:38:40+00:00,"@chiquenito_2 @art7951 Pero ambos te parecen sospechosos verdad? Osea crees que Carlos Manzo estaba ligado el narco pero tambi√©n L√≥pez verdad? O solo vemos lo que ""nos conviene""?",0,0,0,0
1988602337548788110,154597143,2025-11-12 13:38:38+00:00,Si as√≠ como la GN protege al narco hubiera protegido a Carlos Manzo? Ahorita el estuviera vivo. Trevilla es un pendejo pero el no lo sabe.,0,0,0,0
1988602280711733701,1729232720515956737,2025-11-12 13:38:24+00:00,@mario_dico50 Buenos d√≠as pinche asesino sabes que ya te fui a denunciar porque t√∫ mataste a Carlos manzo pinche asesino,0,0,0,0
